{
    "camera": [
        [
            936.7122103200926,
            0.0,
            351.6348334861475
        ],
        [
            0.0,
            943.6805194889728,
            284.72436156395696
        ],
        [
            0.0,
            0.0,
            1.0
        ]
    ],
    "distortion": [
        [
            0.10713157882148132,
            1.4970348380919931,
            0.013416633482410463,
            -0.00843030322574037,
            -10.45554375354996
        ]
    ]
}